{
    "durations": {
        "01 Undead Unluck.mp3": 90.2269387755102,
        "ADAMAS Sword Art Online.mp3": 223.44562358276644,
        "Ace Shangri La Frontier.mp3": 189.219410430839,
        "Aozora Jumping Heart Love Live Sunshine.mp3": 318.8564172335601,
        "Arc En Ciel Tenten Kakumei.mp3": 90.2269387755102,
        "Aruite Ikou Asteroid in Love.mp3": 290.06367346938777,
        "Ashita No Kimi Sae Ireba ii A Sister_s All You Need.mp3": 304.5359863945578,
        "Atashi No Dress Medalist.mp3": 208.40489795918367,
        "Believe In You ReZero.mp3": 312.6799092970522,
        "Bitter Bitter Sweet Oregairu.mp3": 225.39609977324264,
        "Blouse Pseudo Harem.mp3": 269.1657142857143,
        "Boku Wa... The Dangers In My Heart.mp3": 236.54167800453516,
        "Bow and Arrow Medalist.mp3": 197.5089342403628,
        "Break Beat Bark Sword Art Online.mp3": 248.5231746031746,
        "Centimeter Rent A Girlfriend.mp3": 99.88798185941043,
        "Change Bleach.mp3": 95.21632653061225,
        "Chocopate Ya Boy Kongming.mp3": 189.96244897959184,
        "Connect Madoka Magica.mp3": 266.8408163265306,
        "Courage Sword Art Online.mp3": 253.1439455782313,
        "Crossing Road Food Wars.mp3": 108.72163265306122,
        "Dramatic Ni Koi Shitai Girlfriend Girlfriend.mp3": 99.98512471655329,
        "Fly High!! Haikyuu!!.mp3": 100.20571428571428,
        "Fuwa Fuwa Time K-On.mp3": 236.25142857142856,
        "Gamushura Boruto.mp3": 102.11265306122449,
        "Gekkou Survive Zombieland Saga.mp3": 248.2445351473923,
        "Go! Go! Maniac K-On.mp3": 251.47297052154195,
        "God Knows... The Melancholy of Haruhi Suzumiya.mp3": 280.72925170068027,
        "Goodbye Memory Naruto.mp3": 99.91546485260771,
        "Gradation Loving Yamada At Level 999.mp3": 90.2269387755102,
        "Haiiro No Saga Wandering Witch.mp3": 306.5991836734694,
        "Happy End Princess Tearmoon Empire.mp3": 100.07510204081633,
        "Haru Frieren.mp3": 276.60770975056687,
        "Haruka Dr. Stone.mp3": 123.95102040816326,
        "Hate No Nai Tabi The Weakest Tamer Began A Journey To Pick Up Trash.mp3": 163.09696145124715,
        "Hectopascal Bloom Into You.mp3": 232.90775510204082,
        "Hikarunara Your Lie In April.mp3": 254.24979591836734,
        "Hitorigoto Eromanga Sensei.mp3": 234.9627210884354,
        "Hitoshizuku Bang Dream Its MyGo!!!!!.mp3": 91.01061224489796,
        "If I Could Be A Constellation Bocchi The Rock.mp3": 258.20589569160995,
        "Ikenai Fool Logic Ron Kamonohashi_s Forbidden Deductions.mp3": 90.2269387755102,
        "Is There Still Anything That Love Can Do Weathering With You.mp3": 448.96,
        "Jinsei Easy Bottom Tier Character Tomozaki.mp3": 223.0857142857143,
        "Killer Bars My Instant Death Ability Is So Overpowered.mp3": 88.6073469387755,
        "Kimiiro No Kiseki Studio Apartment, Good Lighting, Angel Included.mp3": 122.33142857142857,
        "Kiminosei Rascal Does Not Dream Of Bunny Girl Senpai.mp3": 263.15755102040816,
        "Koko de Ikiteru The Detective Is Already Dead.mp3": 236.61714285714285,
        "Kuchizuke Diamond Yamada-kun and the Seven Witches.mp3": 240.25687074829932,
        "Lies Goes On Liar Liar.mp3": 90.2269387755102,
        "Literature Wandering Witch.mp3": 89.80897959183673,
        "Love Is Show Love Is War.mp3": 250.3111111111111,
        "Mezame Returner Zombieland Saga.mp3": 252.1861224489796,
        "My Nonfiction Love Is War.mp3": 155.94521541950112,
        "My Soul Your Beats Angel Beats.mp3": 275.4917006802721,
        "Never Forget Bocchi The Rock.mp3": 223.37596371882086,
        "Oath Sign Fate Zero.mp3": 250.01795918367347,
        "Overfly Sword Art Online.mp3": 266.3328798185941,
        "Overlappers When Supernatural Battles Become Commonplace.mp3": 100.17959183673469,
        "Perfect Day I May Be A Guild Receptionist, But....mp3": 90.13986394557823,
        "Please, Please Masamune-kun no Revenge.mp3": 256.48761904761903,
        "Power of the Dream Fairy Tail.mp3": 105.04707482993197,
        "Raise Your Hands I_m In Love With The Villainess.mp3": 245.36816326530612,
        "Renai Millimeter Film Rent A Girlfriend.mp3": 121.20816326530613,
        "Revenge Zombieland Saga.mp3": 268.21369614512474,
        "Rough Diamonds Food Wars.mp3": 100.04897959183674,
        "Secret Base Anohana.mp3": 349.2165079365079,
        "Seishun No Archive Blue Archive.mp3": 263.75836734693877,
        "Seishun Seminar Bokuben We Never Learn.mp3": 90.13986394557823,
        "Sekai Wa Koi Ni Ochiteiru Ao Haru Ride.mp3": 300.17596371882087,
        "Share The Light Assassin_s Pride.mp3": 259.6687528344671,
        "Shiny Girl Shy.mp3": 268.4342857142857,
        "Shinzo Wo Sasageyo Attack On Titan.mp3": 89.6,
        "Shitsumon Koi tte Nandeshoka Can A Boy Girl Friendship Survive.mp3": 213.3119954648526,
        "Sign Naruto.mp3": 248.38385487528345,
        "Sign Wa B Oshi No Ko.mp3": 212.53224489795917,
        "Smile Skill=Sukisukiskill Didn_t I Say To Make My Abilities Average in the Next Life.mp3": 99.03310657596371,
        "Song Of The Dead Zom 100.mp3": 196.25795918367348,
        "Sora Ni Utaeba My Hero Academia.mp3": 100.03156462585034,
        "Sora Yori Mo Tooi Basho A Place Further Than The Universe.mp3": 159.82294784580498,
        "Sorairo Days Gurren Lagann.mp3": 252.13387755102042,
        "Star T Rain Oshi No Ko.mp3": 240.9534693877551,
        "Strike Back Fairy Tail.mp3": 227.44816326530614,
        "Take Off To Be Hero X.mp3": 208.74739229024942,
        "Ten to Sen Hoshikuzu Telepath.mp3": 320.8881632653061,
        "Toki o Kizamu Uta Clannad After Story.mp3": 89.95410430839003,
        "Tower Of Flower Lycoris Recoil.mp3": 275.63997732426304,
        "True Fool Love More Than A Married Couple, but Not Lovers.mp3": 100.07510204081633,
        "Trust In You Date A Live.mp3": 273.92580498866215,
        "U & I K-On.mp3": 275.7601814058957,
        "UNION SSSS.GRIDMAN.mp3": 226.2726530612245,
        "Umapyoi Legend Uma Musume.mp3": 272.48326530612246,
        "Watch Me 2.5D.mp3": 207.9869387755102,
        "Watch Me Witch Watch.mp3": 186.35755102040815,
        "Wrong World Girls Band Cry.mp3": 184.2719954648526,
        "Yasashisa no Riyuu Hyouka.mp3": 99.29142857142857,
        "Yukitoki Oregairu.mp3": 99.8225850340136,
        "Yume Janai Taisou Zamurai.mp3": 254.32816326530613,
        "Yume Wo Kakeru Uma Musume.mp3": 305.04054421768706,
        "Zenzenzense Your Name.mp3": 292.4669387755102,
        "Zero!! The Devil Is A Part-Timer!.mp3": 89.93088435374149,
        "forget-me-not Sword Art Online.mp3": 266.5650793650794
    },
    "hasImages": false
}