{
    "durations": {
        "#01 Genshin Impact Main Theme\uff5cGenshin Impact.mp3": 112.03628117913833,
        "087. Hopes And Dreams (UNDERTALE Soundtrack) - Toby Fox.mp3": 184.92371882086167,
        "Accumula Town - Pok\u00e9mon Black & Pok\u00e9mon White (OST).mp3": 77.97260770975056,
        "Among Us (Role Reveal) - Sound Effect (HD).mp3": 4.551111111111111,
        "Angry Birds Theme Song.mp3": 68.35954648526076,
        "Animal Crossing New Horizons  - Main Theme Song.mp3": 128.4992290249433,
        "Assassin_s Creed IV Black Flag - Assassin_s Creed IV Black Flag Main Theme (Track 01).mp3": 135.14013605442176,
        "Balatro Main Theme.mp3": 241.16,
        "Battle!! - Torna - Xenoblade Chronicles 2 Torna ~ The Golden Country OST [03].mp3": 465.56009070294783,
        "Bayonetta - Let_s Dance Boys!.mp3": 215.78303854875284,
        "Bloodborne Soundtrack OST - Father Gascoigne, The Hunter.mp3": 200.5043083900227,
        "Bury the Light - Vergil_s battle theme from Devil May Cry 5 [OFFICIAL AUDIO].mp3": 580.9400453514739,
        "C418  - Sweden - Minecraft Volume Alpha.mp3": 215.69015873015874,
        "C418 - Aria Math (Minecraft Volume Beta).mp3": 309.19691609977326,
        "Charlie_s Here - Pizza Parlor  Club Penguin OST.mp3": 165.04743764172335,
        "Clash Royale Soundtrack - Menu A.mp3": 319.59945578231293,
        "Coconut Mall.mp3": 123.6425850340136,
        "Crash Bandicoot 1 Theme.mp3": 98.49904761904762,
        "Cyberpunk 2077 OST - The Rebel Path (Cello Version).mp3": 260.458231292517,
        "Destiny 2 Original Soundtrack - Track 11 - Journey (featuring Kronos Quartet).mp3": 437.25496598639455,
        "Doki Doki Literature Club! OST - Your Reality (Credits).mp3": 181.71936507936508,
        "Donkey Kong Country OST (Super Nintendo) - Track 0123 - Theme.mp3": 85.7512925170068,
        "Doom Eternal OST - The Only Thing They Fear Is You (Mick Gordon) [Doom Eternal Theme].mp3": 412.75791383219956,
        "FF7 chocobo Theme.mp3": 239.86213151927439,
        "Final Fantasy VII - Victory Fanfare [HD].mp3": 54.12571428571429,
        "Five Nights at Freddy_s Soundtrack - Music Box (Freddy_s Music).mp3": 62.0669387755102,
        "Floral Fury.mp3": 225.28,
        "Forever Bound - Stereo Madness.mp3": 198.13587301587302,
        "Fortnite Menu Theme (Full) - Fortnite Soundtrack [Original + Battle Royale].mp3": 192.28444444444443,
        "Freedom Dive.mp3": 269.53333333333336,
        "GTA V - Welcome to Los Santos Soundtrack - IntroTheme song.mp3": 149.46684807256236,
        "GUILE_S THEME.mp3": 245.64390022675738,
        "Gerudo Valley - The Legend of Zelda Ocarina Of Time.mp3": 175.05523809523808,
        "Gourmet Race - Kirby Super Star.mp3": 140.0627664399093,
        "Graze the Roof (In-Game).mp3": 228.8265986394558,
        "Gusty Garden Galaxy - Super Mario Galaxy.mp3": 154.11083900226757,
        "Hades - God of the Dead.mp3": 541.396462585034,
        "Hades II -  I Am Gonna Claw (Out Your Eyes then Drown You to Death).mp3": 205.241179138322,
        "Halo Theme Song Original.mp3": 181.3942857142857,
        "Helldivers 2 Main Theme - A Cup Of Liber-Tea.mp3": 217.75673469387755,
        "Hollow Knight OST - City of Tears.mp3": 178.81687074829932,
        "It_s Going Down Now.mp3": 186.09333333333333,
        "Jetpack Joyride OST \ud83c\udfbc\ud83c\udfb9 - Main Theme.mp3": 137.2299319727891,
        "KDA - POPSTARS (ft. Madison Beer, (G)I-DLE, Jaira Burns)  Music Video - League of Legends.mp3": 202.94240362811792,
        "Lace (Silksong OST Sample).mp3": 166.71927437641725,
        "Last Surprise.mp3": 235.54666666666665,
        "Lethal Company Soundtrack - Icecream Song.mp3": 60.13968253968254,
        "MEGALOVANIA.mp3": 156.0,
        "Main Theme - Super Smash Bros Brawl.mp3": 168.06603174603174,
        "Mega Man 2 medley - Super Smash Bros Ultimate.mp3": 238.8868934240363,
        "Meta Knight_s Revenge- Kirby Super Star Music Extended.mp3": 910.0596825396825,
        "Metal Gear Rising Revengeance OST   It Has To Be This Way Extended.mp3": 302.1612698412698,
        "Monster Hunter World OST Proof of a Hero (Extended) \u82f1\u96c4\u306e\u8a3c \uff5e MHW ver (Extended edition) [HQ  4K].mp3": 195.04761904761904,
        "Nightmare King (Hollow Knight The Grimm Troupe).mp3": 332.34721088435373,
        "Original Tetris theme (Tetris Soundtrack).mp3": 83.66149659863946,
        "Overwatch Soundtrack Music Menu Main Screen.mp3": 93.52997732426304,
        "PacMan Original Theme.mp3": 60.929160997732424,
        "Persona 4 - Specialist.mp3": 139.52870748299318,
        "Phoenix Wright Ace Attorney OST - Pressing Pursuit ~ Cornered.mp3": 100.05478458049886,
        "Plants vs Zombies Music Video.mp3": 166.37097505668933,
        "Pokemon FireRedLeafGreen Music- Wild Pokemon Battle.mp3": 92.57795918367347,
        "Pok\u00e9mon Diamond, Pearl & Platinum - Champion Cynthia Battle Music (HQ).mp3": 179.420589569161,
        "Pok\u00e9mon Red & Blue Music Opening Theme.mp3": 114.8691156462585,
        "Portal - _Still Alive_.mp3": 184.97015873015874,
        "River of Despair (Downpour).mp3": 247.12698412698413,
        "Rude Buster.mp3": 75.42857142857143,
        "SUBWAY SURFERS (Main Theme).mp3": 138.0,
        "Seasons of Warfare - Lady of Hresvelg (The Edge of Dawn) Full Ver..mp3": 297.56371882086165,
        "Shovel Knight OST - Strike the Earth! Plains of Passage.mp3": 224.72272108843538,
        "Simple And Clean.mp3": 301.25333333333333,
        "Skyrim The Song of the Dragonborn (with lyrics).mp3": 236.23981859410432,
        "Slay the Spire.mp3": 133.89233560090702,
        "Snake Eater.mp3": 177.08,
        "Sonic The Hedgehog OST - Green Hill Zone.mp3": 141.57206349206348,
        "Soul of Cinder.mp3": 351.919977324263,
        "Splattack ! - Splatoon OST.mp3": 203.84798185941042,
        "Star Rail.mp3": 69.8,
        "Stardew Valley OST - Stardew Valley Overture.mp3": 146.49469387755101,
        "Super Mario Brothers 1 Music - Main Theme & Overworld.mp3": 78.59954648526077,
        "Super Mario Odyssey - Jump Up, Super Star!.mp3": 249.26621315192745,
        "Super Smash Bros. Ultimate Main Theme - Lifelight.mp3": 229.1809523809524,
        "S\u0101n-Z, HOYO-MiX - Burning Desires (Official Audio) (From Zenless Zone Zero).mp3": 139.2732879818594,
        "Team Fortress 2 Soundtrack  Main Theme.mp3": 72.8409977324263,
        "Techno Syndrome (Mortal Kombat) Song by The Immortals.mp3": 285.58222222222224,
        "Terraria Music - Day.mp3": 137.55501133786848,
        "The Borderlands Theme Song- Ain_t No Rest For the Wicked.mp3": 177.79519274376418,
        "The Legend of Zelda Breath of the Wild OST - Guardian Battle.mp3": 131.0766439909297,
        "Title Music (Party Time).mp3": 252.8885260770975,
        "Valorant OST - Loading [Main Theme].mp3": 211.09260770975058,
        "We All Lift Together (From Warframe).mp3": 152.22133786848073,
        "Weight of the World\u58ca\u30ec\u30bf\u4e16\u754c\u30ce\u6b4c.mp3": 344.1333333333333,
        "Wii Sports - Title (HQ).mp3": 144.0798185941043,
        "Yakuza OST - Baka Mitai (\u3070\u304b\u307f\u305f\u3044) Kiryu full version.mp3": 291.3175510204082,
        "You Will Know Our Names - Xenoblade Chronicles Definitive Edition Music.mp3": 278.05895691609976,
        "Zelda Main Theme Song.mp3": 172.59392290249434,
        "Zelda_s Lullaby - The Legend of Zelda Skyward Sword.mp3": 210.09414965986394,
        "[Official] Celeste Original Soundtrack - 02 - First Steps.mp3": 218.80163265306123,
        "\u3010\u6771\u65b9\u3011Bad Apple!! \uff30\uff36\u3010\u5f71\u7d75\u3011.mp3": 219.14993197278912,
        "\u3046\u307e\u3074\u3087\u3044\u4f1d\u8aac.mp3": 269.53333333333336,
        "\u518d\u81e8\u7247\u7ffc\u306e\u5929\u4f7f \uff5eAdvent One-Winged Angel\uff5e.mp3": 367.0133333333333
    },
    "hasImages": false
}